DateTime,Symbol,SoldPrice,LTP,VWAP,SLPrice
2025-09-30 09:47:53.343488+05:30,NIFTY07OCT25C24850,85.5,88.5,100.22,102.6
2025-09-30 09:48:01.917991+05:30,NIFTY07OCT25C24850,85.55,88.2,100.22,102.7
2025-09-30 09:48:06.918848+05:30,NIFTY07OCT25C24850,85.55,89.0,100.22,102.7
2025-09-30 09:48:11.917416+05:30,NIFTY07OCT25C24850,85.55,89.0,100.22,102.7
2025-09-30 09:49:06.483470+05:30,NIFTY07OCT25C24850,85.55,90.1,100.22,102.7
2025-09-30 09:49:11.955215+05:30,NIFTY07OCT25C24850,85.55,90.0,100.22,102.7
2025-09-30 09:49:16.988262+05:30,NIFTY07OCT25C24850,85.55,90.55,100.22,102.7
2025-09-30 09:49:21.972683+05:30,NIFTY07OCT25C24850,85.55,90.7,100.22,102.7
2025-09-30 09:49:26.973076+05:30,NIFTY07OCT25C24850,85.55,91.4,100.22,102.7
2025-09-30 09:49:31.972739+05:30,NIFTY07OCT25C24850,85.55,90.65,100.22,102.7
2025-09-30 09:49:36.972859+05:30,NIFTY07OCT25C24850,85.55,90.2,100.22,102.7
2025-09-30 09:49:41.972727+05:30,NIFTY07OCT25C24850,85.55,90.4,100.22,102.7
2025-09-30 09:49:46.972535+05:30,NIFTY07OCT25C24850,85.55,91.0,100.22,102.7
2025-09-30 09:49:51.972518+05:30,NIFTY07OCT25C24850,85.55,91.35,100.22,102.7
2025-09-30 09:49:56.972518+05:30,NIFTY07OCT25C24850,85.55,91.35,100.22,102.7
2025-09-30 09:50:01.966196+05:30,NIFTY07OCT25C24850,85.55,91.75,100.22,102.7
2025-09-30 09:50:06.972939+05:30,NIFTY07OCT25C24850,85.55,91.8,100.22,102.7
2025-09-30 09:50:11.975217+05:30,NIFTY07OCT25C24850,85.55,92.25,100.22,102.7
2025-09-30 09:50:17.139446+05:30,NIFTY07OCT25C24850,85.55,92.0,100.22,102.7
2025-09-30 09:50:21.967832+05:30,NIFTY07OCT25C24850,85.55,91.7,100.22,102.7
2025-09-30 09:50:21.967832+05:30,NIFTY07OCT25P24550,79.7,81.05,67.79,95.65
2025-09-30 09:50:27.557937+05:30,NIFTY07OCT25C24850,85.55,91.1,100.22,102.7
2025-09-30 09:50:27.557937+05:30,NIFTY07OCT25P24550,79.7,82.0,67.79,95.65
2025-09-30 09:50:31.972538+05:30,NIFTY07OCT25C24850,85.55,91.6,100.22,102.7
2025-09-30 09:50:31.972538+05:30,NIFTY07OCT25P24550,79.7,81.45,67.79,95.65
2025-09-30 09:50:37.247371+05:30,NIFTY07OCT25C24850,85.55,91.25,100.22,102.7
2025-09-30 09:50:37.247371+05:30,NIFTY07OCT25P24550,79.7,82.0,67.79,95.65
2025-09-30 09:50:41.975578+05:30,NIFTY07OCT25C24850,85.55,90.75,100.22,102.7
2025-09-30 09:50:41.975578+05:30,NIFTY07OCT25P24550,79.7,82.4,67.79,95.65
2025-09-30 09:50:47.128432+05:30,NIFTY07OCT25C24850,85.55,90.85,100.22,102.7
2025-09-30 09:50:47.128432+05:30,NIFTY07OCT25P24550,79.7,82.65,67.79,95.65
2025-09-30 09:50:51.989651+05:30,NIFTY07OCT25C24850,85.55,91.55,100.22,102.7
2025-09-30 09:50:51.989651+05:30,NIFTY07OCT25P24550,79.7,81.85,67.79,95.65
2025-09-30 09:50:57.587315+05:30,NIFTY07OCT25C24850,85.55,90.8,100.22,102.7
2025-09-30 09:50:57.587315+05:30,NIFTY07OCT25P24550,79.7,83.05,67.79,95.65
2025-09-30 09:51:01.998963+05:30,NIFTY07OCT25C24850,85.55,91.45,100.22,102.7
2025-09-30 09:51:01.998963+05:30,NIFTY07OCT25P24550,79.7,82.25,67.79,95.65
2025-09-30 09:51:07.182132+05:30,NIFTY07OCT25C24850,85.55,91.2,100.22,102.7
2025-09-30 09:51:07.182132+05:30,NIFTY07OCT25P24550,79.7,82.75,67.79,95.65
2025-09-30 09:51:12.009975+05:30,NIFTY07OCT25C24850,85.55,91.55,100.22,102.7
2025-09-30 09:51:12.009975+05:30,NIFTY07OCT25P24550,79.7,82.0,67.79,95.65
2025-09-30 09:51:17.160717+05:30,NIFTY07OCT25C24850,85.55,90.8,100.22,102.7
2025-09-30 09:51:17.160717+05:30,NIFTY07OCT25P24550,79.7,82.2,67.79,95.65
2025-09-30 09:51:22.008674+05:30,NIFTY07OCT25C24850,85.55,90.5,100.22,102.7
2025-09-30 09:51:22.008674+05:30,NIFTY07OCT25P24550,79.7,83.6,67.79,95.65
2025-09-30 09:51:28.177016+05:30,NIFTY07OCT25C24850,85.55,89.55,100.22,102.7
2025-09-30 09:51:28.177016+05:30,NIFTY07OCT25P24550,79.7,84.5,67.79,95.65
2025-09-30 09:51:32.038877+05:30,NIFTY07OCT25C24850,85.55,89.4,100.22,102.7
2025-09-30 09:51:32.038877+05:30,NIFTY07OCT25P24550,79.7,84.9,67.79,95.65
2025-09-30 09:51:37.162224+05:30,NIFTY07OCT25C24850,85.55,88.65,100.22,102.7
2025-09-30 09:51:37.162224+05:30,NIFTY07OCT25P24550,79.7,85.65,67.79,95.65
2025-09-30 09:51:42.060145+05:30,NIFTY07OCT25C24850,85.55,89.25,100.22,102.7
2025-09-30 09:51:42.060145+05:30,NIFTY07OCT25P24550,79.7,85.35,67.79,95.65
2025-09-30 09:51:47.887638+05:30,NIFTY07OCT25C24850,85.55,89.0,100.22,102.7
2025-09-30 09:51:47.887638+05:30,NIFTY07OCT25P24550,79.7,85.05,67.79,95.65
2025-09-30 09:51:52.088953+05:30,NIFTY07OCT25C24850,85.55,89.1,100.22,102.7
2025-09-30 09:51:52.088953+05:30,NIFTY07OCT25P24550,79.7,85.0,67.79,95.65
2025-09-30 09:51:57.635338+05:30,NIFTY07OCT25C24850,85.55,89.3,100.22,102.7
2025-09-30 09:51:57.635338+05:30,NIFTY07OCT25P24550,79.7,85.6,67.79,95.65
2025-09-30 09:52:02.089060+05:30,NIFTY07OCT25C24850,85.55,89.3,100.22,102.7
2025-09-30 09:52:02.089060+05:30,NIFTY07OCT25P24550,79.7,84.8,67.79,95.65
2025-09-30 09:52:07.160785+05:30,NIFTY07OCT25C24850,85.55,90.15,100.22,102.7
2025-09-30 09:52:07.160785+05:30,NIFTY07OCT25P24550,79.7,83.4,67.79,95.65
2025-09-30 09:52:12.088983+05:30,NIFTY07OCT25C24850,85.55,90.6,100.22,102.7
2025-09-30 09:52:12.088983+05:30,NIFTY07OCT25P24550,79.7,83.5,67.79,95.65
2025-09-30 09:52:17.194441+05:30,NIFTY07OCT25C24850,85.55,91.35,100.22,102.7
2025-09-30 09:52:17.194441+05:30,NIFTY07OCT25P24550,79.7,82.75,67.79,95.65
2025-09-30 09:52:22.088821+05:30,NIFTY07OCT25C24850,85.55,90.65,100.22,102.7
2025-09-30 09:52:22.088821+05:30,NIFTY07OCT25P24550,79.7,83.1,67.79,95.65
2025-09-30 09:52:27.594902+05:30,NIFTY07OCT25C24850,85.55,90.95,100.22,102.7
2025-09-30 09:52:27.594902+05:30,NIFTY07OCT25P24550,79.7,83.35,67.79,95.65
2025-09-30 09:52:32.107201+05:30,NIFTY07OCT25C24850,85.55,90.6,100.22,102.7
2025-09-30 09:52:32.107201+05:30,NIFTY07OCT25P24550,79.7,83.5,67.79,95.65
2025-09-30 09:52:37.176454+05:30,NIFTY07OCT25C24850,85.55,91.25,100.22,102.7
2025-09-30 09:52:37.176454+05:30,NIFTY07OCT25P24550,79.7,82.85,67.79,95.65
2025-09-30 09:52:42.109636+05:30,NIFTY07OCT25C24850,85.55,90.5,100.22,102.7
2025-09-30 09:52:42.109636+05:30,NIFTY07OCT25P24550,79.7,83.65,67.79,95.65
2025-09-30 09:52:47.164343+05:30,NIFTY07OCT25C24850,85.55,91.0,100.22,102.7
2025-09-30 09:52:47.164343+05:30,NIFTY07OCT25P24550,79.7,82.55,67.79,95.65
2025-09-30 09:52:52.108125+05:30,NIFTY07OCT25C24850,85.55,90.85,100.22,102.7
2025-09-30 09:52:52.108125+05:30,NIFTY07OCT25P24550,79.7,82.55,67.79,95.65
2025-09-30 09:52:57.613285+05:30,NIFTY07OCT25C24850,85.55,91.4,100.22,102.7
2025-09-30 09:52:57.613285+05:30,NIFTY07OCT25P24550,79.7,81.95,67.79,95.65
2025-09-30 09:53:02.107147+05:30,NIFTY07OCT25C24850,85.55,91.45,100.22,102.7
2025-09-30 09:53:02.107147+05:30,NIFTY07OCT25P24550,79.7,81.8,67.79,95.65
2025-09-30 09:53:07.406069+05:30,NIFTY07OCT25C24850,85.55,90.6,100.22,102.7
2025-09-30 09:53:07.406069+05:30,NIFTY07OCT25P24550,79.7,82.8,67.79,95.65
2025-09-30 09:53:12.122824+05:30,NIFTY07OCT25C24850,85.55,91.5,100.22,102.7
2025-09-30 09:53:12.122824+05:30,NIFTY07OCT25P24550,79.7,82.8,67.79,95.65
2025-09-30 09:53:17.168793+05:30,NIFTY07OCT25C24850,85.55,91.45,100.22,102.7
2025-09-30 09:53:17.168793+05:30,NIFTY07OCT25P24550,79.7,82.3,67.79,95.65
2025-09-30 09:53:22.140938+05:30,NIFTY07OCT25C24850,85.55,91.5,100.22,102.7
2025-09-30 09:53:22.140938+05:30,NIFTY07OCT25P24550,79.7,81.95,67.79,95.65
2025-09-30 09:53:27.606837+05:30,NIFTY07OCT25C24850,85.55,91.5,100.22,102.7
2025-09-30 09:53:27.606837+05:30,NIFTY07OCT25P24550,79.7,82.1,67.79,95.65
2025-09-30 09:53:32.142336+05:30,NIFTY07OCT25C24850,85.55,91.5,100.22,102.7
2025-09-30 09:53:32.142336+05:30,NIFTY07OCT25P24550,79.7,82.15,67.79,95.65
2025-09-30 09:53:37.691545+05:30,NIFTY07OCT25C24850,85.55,90.5,100.22,102.7
2025-09-30 09:53:37.691545+05:30,NIFTY07OCT25P24550,79.7,84.0,67.79,95.65
2025-09-30 09:53:42.139189+05:30,NIFTY07OCT25C24850,85.55,89.4,100.22,102.7
2025-09-30 09:53:42.139189+05:30,NIFTY07OCT25P24550,79.7,84.9,67.79,95.65
2025-09-30 09:53:47.264944+05:30,NIFTY07OCT25C24850,85.55,90.05,100.22,102.7
2025-09-30 09:53:47.264944+05:30,NIFTY07OCT25P24550,79.7,84.9,67.79,95.65
2025-09-30 09:53:52.139240+05:30,NIFTY07OCT25C24850,85.55,90.6,100.22,102.7
2025-09-30 09:53:52.139240+05:30,NIFTY07OCT25P24550,79.7,84.9,67.79,95.65
2025-09-30 09:53:57.755767+05:30,NIFTY07OCT25C24850,85.55,90.2,100.22,102.7
2025-09-30 09:53:57.755767+05:30,NIFTY07OCT25P24550,79.7,83.95,67.79,95.65
2025-09-30 09:54:02.139437+05:30,NIFTY07OCT25C24850,85.55,90.7,100.22,102.7
2025-09-30 09:54:02.139437+05:30,NIFTY07OCT25P24550,79.7,83.95,67.79,95.65
2025-09-30 09:54:07.232408+05:30,NIFTY07OCT25C24850,85.55,90.55,100.22,102.7
2025-09-30 09:54:07.232408+05:30,NIFTY07OCT25P24550,79.7,83.6,67.79,95.65
2025-09-30 09:54:12.141369+05:30,NIFTY07OCT25C24850,85.55,90.55,100.22,102.7
2025-09-30 09:54:12.141369+05:30,NIFTY07OCT25P24550,79.7,83.35,67.79,95.65
2025-09-30 09:54:17.262400+05:30,NIFTY07OCT25C24850,85.55,91.2,100.22,102.7
2025-09-30 09:54:17.262400+05:30,NIFTY07OCT25P24550,79.7,83.35,67.79,95.65
2025-09-30 09:58:33.666610+05:30,NIFTY07OCT25C24850,85.55,91.85,100.22,102.7
2025-09-30 09:58:33.666610+05:30,NIFTY07OCT25P24550,79.7,81.95,67.79,95.65
2025-09-30 09:58:53.666543+05:30,NIFTY07OCT25C24850,85.55,91.2,100.22,102.7
2025-09-30 09:58:53.666543+05:30,NIFTY07OCT25P24550,79.7,83.0,67.79,95.65
2025-09-30 09:59:00.543069+05:30,NIFTY07OCT25C24850,85.55,90.95,100.22,102.7
2025-09-30 09:59:00.543069+05:30,NIFTY07OCT25P24550,79.7,83.85,67.79,95.65
2025-09-30 09:59:03.704118+05:30,NIFTY07OCT25C24850,85.55,91.15,100.22,102.7
2025-09-30 09:59:03.704118+05:30,NIFTY07OCT25P24550,79.7,83.35,67.79,95.65
2025-09-30 09:59:13.704720+05:30,NIFTY07OCT25C24850,85.55,90.1,100.22,102.7
2025-09-30 09:59:13.704720+05:30,NIFTY07OCT25P24550,79.7,84.2,67.79,95.65
2025-09-30 09:59:19.397586+05:30,NIFTY07OCT25C24850,85.55,90.3,100.22,102.7
2025-09-30 09:59:19.397586+05:30,NIFTY07OCT25P24550,79.7,84.05,67.79,95.65
2025-09-30 09:59:23.708662+05:30,NIFTY07OCT25C24850,85.55,90.1,100.22,102.7
2025-09-30 09:59:23.708662+05:30,NIFTY07OCT25P24550,79.7,84.3,67.79,95.65
2025-09-30 09:59:29.190558+05:30,NIFTY07OCT25C24850,85.55,89.5,100.22,102.7
2025-09-30 09:59:29.190558+05:30,NIFTY07OCT25P24550,79.7,85.0,67.79,95.65
2025-09-30 09:59:33.705473+05:30,NIFTY07OCT25C24850,85.55,89.3,100.22,102.7
2025-09-30 09:59:33.705473+05:30,NIFTY07OCT25P24550,79.7,84.95,67.79,95.65
2025-09-30 09:59:39.244501+05:30,NIFTY07OCT25C24850,85.55,90.05,100.22,102.7
2025-09-30 09:59:39.244501+05:30,NIFTY07OCT25P24550,79.7,84.1,67.79,95.65
2025-09-30 09:59:43.714563+05:30,NIFTY07OCT25C24850,85.55,90.4,100.22,102.7
2025-09-30 09:59:43.714563+05:30,NIFTY07OCT25P24550,79.7,83.7,67.79,95.65
2025-09-30 09:59:49.580812+05:30,NIFTY07OCT25C24850,85.55,89.7,100.22,102.7
2025-09-30 09:59:49.580812+05:30,NIFTY07OCT25P24550,79.7,83.65,67.79,95.65
2025-09-30 09:59:53.728791+05:30,NIFTY07OCT25C24850,85.55,91.0,100.22,102.7
2025-09-30 09:59:53.728791+05:30,NIFTY07OCT25P24550,79.7,82.35,67.79,95.65
2025-09-30 09:59:59.234039+05:30,NIFTY07OCT25C24850,85.55,91.0,100.22,102.7
2025-09-30 09:59:59.234039+05:30,NIFTY07OCT25P24550,79.7,82.75,67.79,95.65
2025-09-30 10:00:03.744214+05:30,NIFTY07OCT25C24850,85.55,91.15,100.22,102.7
2025-09-30 10:00:03.744214+05:30,NIFTY07OCT25P24550,79.7,82.75,67.79,95.65
2025-09-30 10:00:09.247784+05:30,NIFTY07OCT25C24850,85.55,90.35,100.22,102.7
2025-09-30 10:00:09.247784+05:30,NIFTY07OCT25P24550,79.7,82.9,67.79,95.65
2025-09-30 10:00:13.758162+05:30,NIFTY07OCT25C24850,85.55,89.85,100.22,102.7
2025-09-30 10:00:13.758162+05:30,NIFTY07OCT25P24550,79.7,83.0,67.79,95.65
2025-09-30 10:00:19.197359+05:30,NIFTY07OCT25C24850,85.55,90.8,100.22,102.7
2025-09-30 10:00:19.197359+05:30,NIFTY07OCT25P24550,79.7,82.2,67.79,95.65
2025-09-30 10:00:23.765562+05:30,NIFTY07OCT25C24850,85.55,90.8,100.22,102.7
2025-09-30 10:00:23.765562+05:30,NIFTY07OCT25P24550,79.7,82.05,67.79,95.65
2025-09-30 10:00:29.197623+05:30,NIFTY07OCT25C24850,85.55,91.0,100.22,102.7
2025-09-30 10:00:29.197623+05:30,NIFTY07OCT25P24550,79.7,81.75,67.79,95.65
2025-09-30 10:00:33.780326+05:30,NIFTY07OCT25C24850,85.55,91.45,100.22,102.7
2025-09-30 10:00:33.780326+05:30,NIFTY07OCT25P24550,79.7,81.35,67.79,95.65
2025-09-30 10:00:39.240589+05:30,NIFTY07OCT25C24850,85.55,90.6,100.22,102.7
2025-09-30 10:00:39.240589+05:30,NIFTY07OCT25P24550,79.7,82.0,67.79,95.65
2025-09-30 10:00:43.783611+05:30,NIFTY07OCT25C24850,85.55,91.25,100.22,102.7
2025-09-30 10:00:43.783611+05:30,NIFTY07OCT25P24550,79.7,82.65,67.79,95.65
2025-09-30 10:00:49.198108+05:30,NIFTY07OCT25C24850,85.55,91.4,100.22,102.7
2025-09-30 10:00:49.198108+05:30,NIFTY07OCT25P24550,79.7,82.65,67.79,95.65
2025-09-30 10:00:53.796721+05:30,NIFTY07OCT25C24850,85.55,91.65,100.22,102.7
2025-09-30 10:00:53.796721+05:30,NIFTY07OCT25P24550,79.7,82.65,67.79,95.65
2025-09-30 10:00:59.213525+05:30,NIFTY07OCT25C24850,85.55,91.4,100.22,102.7
2025-09-30 10:00:59.213525+05:30,NIFTY07OCT25P24550,79.7,81.85,67.79,95.65
2025-09-30 10:01:03.800671+05:30,NIFTY07OCT25C24850,85.55,91.05,100.22,102.7
2025-09-30 10:01:03.800671+05:30,NIFTY07OCT25P24550,79.7,81.95,67.79,95.65
2025-09-30 10:01:09.227334+05:30,NIFTY07OCT25C24850,85.55,91.7,100.22,102.7
2025-09-30 10:01:09.227334+05:30,NIFTY07OCT25P24550,79.7,81.75,67.79,95.65
2025-09-30 10:01:13.788470+05:30,NIFTY07OCT25C24850,85.55,92.3,100.22,102.7
2025-09-30 10:01:13.788470+05:30,NIFTY07OCT25P24550,79.7,80.95,67.79,95.65
2025-09-30 10:01:19.338459+05:30,NIFTY07OCT25C24850,85.55,91.75,100.22,102.7
2025-09-30 10:01:19.338459+05:30,NIFTY07OCT25P24550,79.7,81.4,67.79,95.65
2025-09-30 10:01:23.812093+05:30,NIFTY07OCT25C24850,85.55,91.75,100.22,102.7
2025-09-30 10:01:23.812093+05:30,NIFTY07OCT25P24550,79.7,81.5,67.79,95.65
2025-09-30 10:01:29.286477+05:30,NIFTY07OCT25C24850,85.55,92.05,100.22,102.7
2025-09-30 10:01:29.286477+05:30,NIFTY07OCT25P24550,79.7,80.5,67.79,95.65
2025-09-30 10:01:33.830452+05:30,NIFTY07OCT25C24850,85.55,93.0,100.22,102.7
2025-09-30 10:01:33.830452+05:30,NIFTY07OCT25P24550,79.7,79.55,67.79,95.65
2025-09-30 10:01:39.277400+05:30,NIFTY07OCT25C24850,85.55,93.2,100.22,102.7
2025-09-30 10:01:39.277400+05:30,NIFTY07OCT25P24550,79.7,79.45,67.79,95.65
2025-09-30 10:01:43.830257+05:30,NIFTY07OCT25C24850,85.55,94.0,100.22,102.7
2025-09-30 10:01:43.830257+05:30,NIFTY07OCT25P24550,79.7,78.45,67.79,95.65
2025-09-30 10:01:49.549301+05:30,NIFTY07OCT25C24850,85.55,95.5,100.22,102.7
2025-09-30 10:01:49.549301+05:30,NIFTY07OCT25P24550,79.7,76.6,67.79,95.65
2025-09-30 10:01:53.845693+05:30,NIFTY07OCT25C24850,85.55,95.25,100.22,102.7
2025-09-30 10:01:53.845693+05:30,NIFTY07OCT25P24550,79.7,76.55,67.79,95.65
2025-09-30 10:01:59.285250+05:30,NIFTY07OCT25C24850,85.55,94.2,100.22,102.7
2025-09-30 10:01:59.285250+05:30,NIFTY07OCT25P24550,79.7,77.55,67.79,95.65
2025-09-30 10:02:03.839279+05:30,NIFTY07OCT25C24850,85.55,94.25,100.22,102.7
2025-09-30 10:02:03.839279+05:30,NIFTY07OCT25P24550,79.7,77.75,67.79,95.65
2025-09-30 10:02:09.306763+05:30,NIFTY07OCT25C24850,85.55,95.05,100.22,102.7
2025-09-30 10:02:09.306763+05:30,NIFTY07OCT25P24550,79.7,76.9,67.79,95.65
2025-09-30 10:02:13.857689+05:30,NIFTY07OCT25C24850,85.55,95.7,100.22,102.7
2025-09-30 10:02:13.857689+05:30,NIFTY07OCT25P24550,79.7,76.8,67.79,95.65
2025-09-30 10:02:19.300320+05:30,NIFTY07OCT25C24850,85.55,94.15,100.22,102.7
2025-09-30 10:02:19.300320+05:30,NIFTY07OCT25P24550,79.7,77.75,67.79,95.65
2025-09-30 10:02:23.856284+05:30,NIFTY07OCT25C24850,85.55,93.2,100.22,102.7
2025-09-30 10:02:23.856284+05:30,NIFTY07OCT25P24550,79.7,78.6,67.79,95.65
2025-09-30 10:02:29.291939+05:30,NIFTY07OCT25C24850,85.55,93.95,100.22,102.7
2025-09-30 10:02:29.291939+05:30,NIFTY07OCT25P24550,79.7,78.0,67.79,95.65
2025-09-30 10:02:33.860049+05:30,NIFTY07OCT25C24850,85.55,94.9,100.22,102.7
2025-09-30 10:02:33.860049+05:30,NIFTY07OCT25P24550,79.7,77.8,67.79,95.65
2025-09-30 10:02:39.295871+05:30,NIFTY07OCT25C24850,85.55,94.4,100.22,102.7
2025-09-30 10:02:39.295871+05:30,NIFTY07OCT25P24550,79.7,77.2,67.79,95.65
2025-09-30 10:02:43.855064+05:30,NIFTY07OCT25C24850,85.55,94.5,100.22,102.7
2025-09-30 10:02:43.855064+05:30,NIFTY07OCT25P24550,79.7,77.05,67.79,95.65
2025-09-30 10:02:49.315081+05:30,NIFTY07OCT25C24850,85.55,95.15,100.22,102.7
2025-09-30 10:02:49.315081+05:30,NIFTY07OCT25P24550,79.7,75.8,67.79,95.65
2025-09-30 10:02:53.888965+05:30,NIFTY07OCT25C24850,85.55,95.6,100.22,102.7
2025-09-30 10:02:53.888965+05:30,NIFTY07OCT25P24550,79.7,75.7,67.79,95.65
2025-09-30 10:02:59.314418+05:30,NIFTY07OCT25C24850,85.55,94.0,100.22,102.7
2025-09-30 10:02:59.314418+05:30,NIFTY07OCT25P24550,79.7,77.2,67.79,95.65
2025-09-30 10:03:03.887399+05:30,NIFTY07OCT25C24850,85.55,93.15,100.22,102.7
2025-09-30 10:03:03.887399+05:30,NIFTY07OCT25P24550,79.7,77.6,67.79,95.65
2025-09-30 10:03:09.307950+05:30,NIFTY07OCT25C24850,85.55,91.35,100.22,102.7
2025-09-30 10:03:09.307950+05:30,NIFTY07OCT25P24550,79.7,79.55,67.79,95.65
2025-09-30 10:03:13.908257+05:30,NIFTY07OCT25C24850,85.55,91.2,100.22,102.7
2025-09-30 10:03:13.908257+05:30,NIFTY07OCT25P24550,79.7,80.0,67.79,95.65
2025-09-30 10:03:19.333599+05:30,NIFTY07OCT25C24850,85.55,90.85,100.22,102.7
2025-09-30 10:03:19.333599+05:30,NIFTY07OCT25P24550,79.7,80.35,67.79,95.65
2025-09-30 10:03:23.904778+05:30,NIFTY07OCT25C24850,85.55,91.6,100.22,102.7
2025-09-30 10:03:23.904778+05:30,NIFTY07OCT25P24550,79.7,79.25,67.79,95.65
2025-09-30 10:03:29.317498+05:30,NIFTY07OCT25C24850,85.55,91.05,100.22,102.7
2025-09-30 10:03:29.317498+05:30,NIFTY07OCT25P24550,79.7,80.15,67.79,95.65
2025-09-30 10:03:33.904780+05:30,NIFTY07OCT25C24850,85.55,91.55,100.22,102.7
2025-09-30 10:03:33.904780+05:30,NIFTY07OCT25P24550,79.7,80.35,67.79,95.65
2025-09-30 10:03:39.309635+05:30,NIFTY07OCT25C24850,85.55,91.1,100.22,102.7
2025-09-30 10:03:39.309635+05:30,NIFTY07OCT25P24550,79.7,80.65,67.79,95.65
2025-09-30 10:03:43.922557+05:30,NIFTY07OCT25C24850,85.55,90.0,100.22,102.7
2025-09-30 10:03:43.922557+05:30,NIFTY07OCT25P24550,79.7,81.9,67.79,95.65
2025-09-30 10:03:49.333270+05:30,NIFTY07OCT25C24850,85.55,88.95,100.22,102.7
2025-09-30 10:03:49.333270+05:30,NIFTY07OCT25P24550,79.7,81.9,67.79,95.65
2025-09-30 10:03:53.924386+05:30,NIFTY07OCT25C24850,85.55,88.9,100.22,102.7
2025-09-30 10:03:53.924386+05:30,NIFTY07OCT25P24550,79.7,83.0,67.79,95.65
2025-09-30 10:03:59.328866+05:30,NIFTY07OCT25C24850,85.55,87.95,100.22,102.7
2025-09-30 10:03:59.328866+05:30,NIFTY07OCT25P24550,79.7,84.0,67.79,95.65
2025-09-30 10:04:03.922977+05:30,NIFTY07OCT25C24850,85.55,88.4,100.22,102.7
2025-09-30 10:04:03.922977+05:30,NIFTY07OCT25P24550,79.7,83.75,67.79,95.65
2025-09-30 10:04:09.338757+05:30,NIFTY07OCT25C24850,85.55,89.35,100.22,102.7
2025-09-30 10:04:09.338757+05:30,NIFTY07OCT25P24550,79.7,82.25,67.79,95.65
2025-09-30 10:04:13.922705+05:30,NIFTY07OCT25C24850,85.55,90.05,100.22,102.7
2025-09-30 10:04:13.922705+05:30,NIFTY07OCT25P24550,79.7,82.0,67.79,95.65
2025-09-30 10:04:19.377993+05:30,NIFTY07OCT25C24850,85.55,90.85,100.22,102.7
2025-09-30 10:04:19.377993+05:30,NIFTY07OCT25P24550,79.7,81.6,67.79,95.65
2025-09-30 10:04:23.922729+05:30,NIFTY07OCT25C24850,85.55,90.35,100.22,102.7
2025-09-30 10:04:23.922729+05:30,NIFTY07OCT25P24550,79.7,82.4,67.79,95.65
2025-09-30 10:04:33.939002+05:30,NIFTY07OCT25C24850,85.55,91.35,100.22,102.7
2025-09-30 10:04:33.939002+05:30,NIFTY07OCT25P24550,79.7,80.8,67.79,95.65
2025-09-30 10:04:39.468183+05:30,NIFTY07OCT25C24850,85.55,92.6,100.22,102.7
2025-09-30 10:04:39.468183+05:30,NIFTY07OCT25P24550,79.7,79.45,67.79,95.65
2025-09-30 10:04:43.939162+05:30,NIFTY07OCT25C24850,85.55,92.05,100.22,102.7
2025-09-30 10:04:43.939162+05:30,NIFTY07OCT25P24550,79.7,78.95,67.79,95.65
2025-09-30 10:04:49.584984+05:30,NIFTY07OCT25C24850,85.55,91.35,100.22,102.7
2025-09-30 10:04:49.584984+05:30,NIFTY07OCT25P24550,79.7,80.15,67.79,95.65
2025-09-30 10:04:53.939095+05:30,NIFTY07OCT25C24850,85.55,90.5,100.22,102.7
2025-09-30 10:04:53.939095+05:30,NIFTY07OCT25P24550,79.7,80.65,67.79,95.65
2025-09-30 10:05:03.939110+05:30,NIFTY07OCT25C24850,85.55,91.5,100.22,102.7
2025-09-30 10:05:03.939110+05:30,NIFTY07OCT25P24550,79.7,79.5,67.79,95.65
2025-09-30 10:05:11.443599+05:30,NIFTY07OCT25C24850,85.55,92.4,100.22,102.7
2025-09-30 10:05:11.443599+05:30,NIFTY07OCT25P24550,79.7,78.45,67.79,95.65
2025-09-30 10:05:13.942941+05:30,NIFTY07OCT25C24850,85.55,92.4,100.22,102.7
2025-09-30 10:05:13.942941+05:30,NIFTY07OCT25P24550,79.7,78.55,67.79,95.65
2025-09-30 10:05:19.447059+05:30,NIFTY07OCT25C24850,85.55,92.25,100.22,102.7
2025-09-30 10:05:19.447059+05:30,NIFTY07OCT25P24550,79.7,79.7,67.79,95.65
2025-09-30 10:05:23.940086+05:30,NIFTY07OCT25C24850,85.55,91.0,100.22,102.7
2025-09-30 10:05:23.940086+05:30,NIFTY07OCT25P24550,79.7,80.05,67.79,95.65
2025-09-30 10:05:29.376628+05:30,NIFTY07OCT25C24850,85.55,89.85,100.22,102.7
2025-09-30 10:05:29.376628+05:30,NIFTY07OCT25P24550,79.7,80.8,67.79,95.65
2025-09-30 10:05:33.965838+05:30,NIFTY07OCT25C24850,85.55,89.15,100.22,102.7
2025-09-30 10:05:33.965838+05:30,NIFTY07OCT25P24550,79.7,81.75,67.79,95.65
2025-09-30 10:05:39.802681+05:30,NIFTY07OCT25C24850,85.55,89.35,100.22,102.7
2025-09-30 10:05:39.802681+05:30,NIFTY07OCT25P24550,79.7,81.9,67.79,95.65
2025-09-30 10:05:43.957354+05:30,NIFTY07OCT25C24850,85.55,89.85,100.22,102.7
2025-09-30 10:05:43.957354+05:30,NIFTY07OCT25P24550,79.7,81.1,67.79,95.65
2025-09-30 10:05:53.957366+05:30,NIFTY07OCT25C24850,85.55,89.0,100.22,102.7
2025-09-30 10:05:53.957366+05:30,NIFTY07OCT25P24550,79.7,82.25,67.79,95.65
2025-09-30 10:06:03.989221+05:30,NIFTY07OCT25C24850,85.55,88.65,100.22,102.7
2025-09-30 10:06:03.989221+05:30,NIFTY07OCT25P24550,79.7,83.35,67.79,95.65
2025-09-30 10:06:09.466272+05:30,NIFTY07OCT25C24850,85.55,87.85,100.22,102.7
2025-09-30 10:06:09.466272+05:30,NIFTY07OCT25P24550,79.7,84.35,67.79,95.65
2025-09-30 10:06:14.001988+05:30,NIFTY07OCT25C24850,85.55,87.45,100.22,102.7
2025-09-30 10:06:14.001988+05:30,NIFTY07OCT25P24550,79.7,84.25,67.79,95.65
2025-09-30 10:06:19.547416+05:30,NIFTY07OCT25C24850,85.55,86.7,100.22,102.7
2025-09-30 10:06:19.547416+05:30,NIFTY07OCT25P24550,79.7,85.0,67.79,95.65
2025-09-30 10:06:24.004317+05:30,NIFTY07OCT25C24850,85.55,86.15,100.22,102.7
2025-09-30 10:06:24.004317+05:30,NIFTY07OCT25P24550,79.7,86.0,67.79,95.65
2025-09-30 10:06:29.402059+05:30,NIFTY07OCT25C24850,85.55,85.45,100.22,102.7
2025-09-30 10:06:29.402059+05:30,NIFTY07OCT25P24550,79.7,85.95,67.79,95.65
2025-09-30 10:06:34.022804+05:30,NIFTY07OCT25C24850,85.55,86.4,100.22,102.7
2025-09-30 10:06:34.022804+05:30,NIFTY07OCT25P24550,79.7,84.8,67.79,95.65
2025-09-30 10:06:39.397913+05:30,NIFTY07OCT25C24850,85.55,86.25,100.22,102.7
2025-09-30 10:06:39.397913+05:30,NIFTY07OCT25P24550,79.7,84.8,67.79,95.65
2025-09-30 10:06:44.039479+05:30,NIFTY07OCT25C24850,85.55,86.8,100.22,102.7
2025-09-30 10:06:44.039479+05:30,NIFTY07OCT25P24550,79.7,85.4,67.79,95.65
2025-09-30 10:06:49.389509+05:30,NIFTY07OCT25C24850,85.55,86.8,100.22,102.7
2025-09-30 10:06:49.389509+05:30,NIFTY07OCT25P24550,79.7,85.0,67.79,95.65
2025-09-30 10:06:54.054679+05:30,NIFTY07OCT25C24850,85.55,86.2,100.22,102.7
2025-09-30 10:06:54.054679+05:30,NIFTY07OCT25P24550,79.7,85.15,67.79,95.65
2025-09-30 10:06:59.411010+05:30,NIFTY07OCT25C24850,85.55,85.95,100.22,102.7
2025-09-30 10:06:59.411010+05:30,NIFTY07OCT25P24550,79.7,86.0,67.79,95.65
2025-09-30 10:07:04.072784+05:30,NIFTY07OCT25C24850,85.55,86.25,100.22,102.7
2025-09-30 10:07:04.072784+05:30,NIFTY07OCT25P24550,79.7,84.95,67.79,95.65
2025-09-30 10:07:09.850324+05:30,NIFTY07OCT25C24850,85.55,88.25,100.22,102.7
2025-09-30 10:07:09.850324+05:30,NIFTY07OCT25P24550,79.7,83.75,67.79,95.65
2025-09-30 10:07:14.072883+05:30,NIFTY07OCT25C24850,85.55,88.9,100.22,102.7
2025-09-30 10:07:14.072883+05:30,NIFTY07OCT25P24550,79.7,82.3,67.79,95.65
2025-09-30 10:07:24.089018+05:30,NIFTY07OCT25C24850,85.55,88.65,100.22,102.7
2025-09-30 10:07:24.089018+05:30,NIFTY07OCT25P24550,79.7,82.0,67.79,95.65
2025-09-30 10:07:34.088968+05:30,NIFTY07OCT25C24850,85.55,89.3,100.22,102.7
2025-09-30 10:07:34.088968+05:30,NIFTY07OCT25P24550,79.7,82.35,67.79,95.65
2025-09-30 10:07:49.472986+05:30,NIFTY07OCT25C24850,85.55,87.45,100.22,102.7
2025-09-30 10:07:49.472986+05:30,NIFTY07OCT25P24550,79.7,84.5,67.79,95.65
2025-09-30 10:07:54.091461+05:30,NIFTY07OCT25C24850,85.55,87.5,100.22,102.7
2025-09-30 10:07:54.091461+05:30,NIFTY07OCT25P24550,79.7,85.0,67.79,95.65
2025-09-30 10:07:59.450661+05:30,NIFTY07OCT25C24850,85.55,87.25,100.22,102.7
2025-09-30 10:07:59.450661+05:30,NIFTY07OCT25P24550,79.7,85.45,67.79,95.65
2025-09-30 10:08:04.093841+05:30,NIFTY07OCT25C24850,85.55,87.1,100.22,102.7
2025-09-30 10:08:04.093841+05:30,NIFTY07OCT25P24550,79.7,85.0,67.79,95.65
2025-09-30 10:08:09.435285+05:30,NIFTY07OCT25C24850,85.55,86.85,100.22,102.7
2025-09-30 10:08:09.435285+05:30,NIFTY07OCT25P24550,79.7,85.35,67.79,95.65
2025-09-30 10:08:14.101772+05:30,NIFTY07OCT25C24850,85.55,87.0,100.22,102.7
2025-09-30 10:08:14.101772+05:30,NIFTY07OCT25P24550,79.7,86.05,67.79,95.65
2025-09-30 10:08:19.464994+05:30,NIFTY07OCT25C24850,85.55,86.0,100.22,102.7
2025-09-30 10:08:19.464994+05:30,NIFTY07OCT25P24550,79.7,86.4,67.79,95.65
2025-09-30 10:08:24.102814+05:30,NIFTY07OCT25C24850,85.55,86.2,100.22,102.7
2025-09-30 10:08:24.102814+05:30,NIFTY07OCT25P24550,79.7,86.6,67.79,95.65
2025-09-30 10:08:29.422520+05:30,NIFTY07OCT25C24850,85.55,85.5,100.22,102.7
2025-09-30 10:08:29.422520+05:30,NIFTY07OCT25P24550,79.7,86.0,67.79,95.65
2025-09-30 10:08:34.104431+05:30,NIFTY07OCT25C24850,85.55,86.4,100.22,102.7
2025-09-30 10:08:34.104431+05:30,NIFTY07OCT25P24550,79.7,86.15,67.79,95.65
2025-09-30 10:08:39.423327+05:30,NIFTY07OCT25C24850,85.55,86.15,100.22,102.7
2025-09-30 10:08:39.423327+05:30,NIFTY07OCT25P24550,79.7,86.65,67.79,95.65
2025-09-30 10:08:44.122687+05:30,NIFTY07OCT25C24850,85.55,85.95,100.22,102.7
2025-09-30 10:08:44.122687+05:30,NIFTY07OCT25P24550,79.7,86.05,67.79,95.65
2025-09-30 10:08:49.427162+05:30,NIFTY07OCT25C24850,85.55,86.1,100.22,102.7
2025-09-30 10:08:49.427162+05:30,NIFTY07OCT25P24550,79.7,86.25,67.79,95.65
2025-09-30 10:08:54.138941+05:30,NIFTY07OCT25C24850,85.55,86.1,100.22,102.7
2025-09-30 10:08:54.138941+05:30,NIFTY07OCT25P24550,79.7,86.1,67.79,95.65
2025-09-30 10:08:59.449358+05:30,NIFTY07OCT25C24850,85.55,85.75,100.22,102.7
2025-09-30 10:08:59.449358+05:30,NIFTY07OCT25P24550,79.7,85.65,67.79,95.65
2025-09-30 10:09:04.139178+05:30,NIFTY07OCT25C24850,85.55,85.45,100.22,102.7
2025-09-30 10:09:04.139178+05:30,NIFTY07OCT25P24550,79.7,86.2,67.79,95.65
2025-09-30 10:09:09.454062+05:30,NIFTY07OCT25C24850,85.55,85.3,100.22,102.7
2025-09-30 10:09:09.454062+05:30,NIFTY07OCT25P24550,79.7,86.0,67.79,95.65
2025-09-30 10:09:14.144139+05:30,NIFTY07OCT25C24850,85.55,84.5,100.22,102.7
2025-09-30 10:09:14.144139+05:30,NIFTY07OCT25P24550,79.7,86.85,67.79,95.65
2025-09-30 10:09:19.519124+05:30,NIFTY07OCT25C24850,85.55,84.15,100.22,102.7
2025-09-30 10:09:19.519124+05:30,NIFTY07OCT25P24550,79.7,87.75,67.79,95.65
2025-09-30 10:09:24.157594+05:30,NIFTY07OCT25C24850,85.55,83.85,100.22,102.7
2025-09-30 10:09:24.157594+05:30,NIFTY07OCT25P24550,79.7,88.2,67.79,95.65
2025-09-30 10:09:29.431041+05:30,NIFTY07OCT25C24850,85.55,84.1,100.22,102.7
2025-09-30 10:09:29.431041+05:30,NIFTY07OCT25P24550,79.7,87.95,67.79,95.65
2025-09-30 10:09:34.154867+05:30,NIFTY07OCT25C24850,85.55,83.9,100.22,102.7
2025-09-30 10:09:34.154867+05:30,NIFTY07OCT25P24550,79.7,88.1,67.79,95.65
2025-09-30 10:09:39.465754+05:30,NIFTY07OCT25C24850,85.55,83.3,100.22,102.7
2025-09-30 10:09:39.465754+05:30,NIFTY07OCT25P24550,79.7,87.9,67.79,95.65
2025-09-30 10:09:44.162520+05:30,NIFTY07OCT25C24850,85.55,83.55,100.22,102.7
2025-09-30 10:09:44.162520+05:30,NIFTY07OCT25P24550,79.7,88.2,67.79,95.65
2025-09-30 10:09:49.599476+05:30,NIFTY07OCT25C24850,85.55,83.45,100.22,102.7
2025-09-30 10:09:49.599476+05:30,NIFTY07OCT25P24550,79.7,88.8,67.79,95.65
2025-09-30 10:09:54.179015+05:30,NIFTY07OCT25C24850,85.55,83.7,100.22,102.7
2025-09-30 10:09:54.179015+05:30,NIFTY07OCT25P24550,79.7,88.7,67.79,95.65
2025-09-30 10:09:59.429131+05:30,NIFTY07OCT25C24850,85.55,83.55,100.22,102.7
2025-09-30 10:09:59.429131+05:30,NIFTY07OCT25P24550,79.7,87.95,67.79,95.65
2025-09-30 10:10:04.174314+05:30,NIFTY07OCT25C24850,85.55,83.15,100.22,102.7
2025-09-30 10:10:04.174314+05:30,NIFTY07OCT25P24550,79.7,89.2,67.79,95.65
2025-09-30 10:10:09.913543+05:30,NIFTY07OCT25C24850,85.55,83.35,100.22,102.7
2025-09-30 10:10:09.913543+05:30,NIFTY07OCT25P24550,79.7,88.65,67.79,95.65
2025-09-30 10:10:14.176070+05:30,NIFTY07OCT25C24850,85.55,83.25,100.22,102.7
2025-09-30 10:10:14.176070+05:30,NIFTY07OCT25P24550,79.7,88.4,67.79,95.65
2025-09-30 10:10:24.172565+05:30,NIFTY07OCT25C24850,85.55,83.05,100.22,102.7
2025-09-30 10:10:24.172565+05:30,NIFTY07OCT25P24550,79.7,89.2,67.79,95.65
2025-09-30 10:10:34.174961+05:30,NIFTY07OCT25C24850,85.55,83.0,100.22,102.7
2025-09-30 10:10:34.174961+05:30,NIFTY07OCT25P24550,79.7,89.95,67.79,95.65
2025-09-30 10:10:44.180334+05:30,NIFTY07OCT25C24850,85.55,82.95,100.22,102.7
2025-09-30 10:10:44.180334+05:30,NIFTY07OCT25P24550,79.7,89.9,67.79,95.65
2025-09-30 10:10:49.476192+05:30,NIFTY07OCT25C24850,85.55,83.25,100.22,102.7
2025-09-30 10:10:49.476192+05:30,NIFTY07OCT25P24550,79.7,89.55,67.79,95.65
2025-09-30 10:10:54.172888+05:30,NIFTY07OCT25C24850,85.55,83.15,100.22,102.7
2025-09-30 10:10:54.172888+05:30,NIFTY07OCT25P24550,79.7,89.75,67.79,95.65
2025-09-30 10:10:59.495365+05:30,NIFTY07OCT25C24850,85.55,82.8,100.22,102.7
2025-09-30 10:10:59.495365+05:30,NIFTY07OCT25P24550,79.7,89.6,67.79,95.65
2025-09-30 10:11:04.177205+05:30,NIFTY07OCT25C24850,85.55,82.4,100.22,102.7
2025-09-30 10:11:04.177205+05:30,NIFTY07OCT25P24550,79.7,90.7,67.79,95.65
2025-09-30 10:11:09.447499+05:30,NIFTY07OCT25C24850,85.55,81.9,100.22,102.7
2025-09-30 10:11:09.447499+05:30,NIFTY07OCT25P24550,79.7,89.75,67.79,95.65
2025-09-30 10:11:14.182663+05:30,NIFTY07OCT25C24850,85.55,82.0,100.22,102.7
2025-09-30 10:11:14.182663+05:30,NIFTY07OCT25P24550,79.7,89.6,67.79,95.65
2025-09-30 10:11:19.491610+05:30,NIFTY07OCT25C24850,85.55,82.35,100.22,102.7
2025-09-30 10:11:19.491610+05:30,NIFTY07OCT25P24550,79.7,89.7,67.79,95.65
2025-09-30 10:11:24.195026+05:30,NIFTY07OCT25C24850,85.55,82.45,100.22,102.7
2025-09-30 10:11:24.195026+05:30,NIFTY07OCT25P24550,79.7,89.95,67.79,95.65
2025-09-30 10:11:29.425038+05:30,NIFTY07OCT25C24850,85.55,82.95,100.22,102.7
2025-09-30 10:11:29.425038+05:30,NIFTY07OCT25P24550,79.7,88.85,67.79,95.65
2025-09-30 10:16:29.176023+05:30,NIFTY07OCT25C24850,85.55,82.85,100.22,102.7
2025-09-30 10:16:29.176023+05:30,NIFTY07OCT25P24550,79.7,89.75,67.79,95.65
2025-09-30 10:16:39.792421+05:30,NIFTY07OCT25C24850,85.55,83.45,100.22,102.7
2025-09-30 10:16:39.792421+05:30,NIFTY07OCT25P24550,79.7,89.4,67.79,95.65
2025-09-30 10:16:47.304052+05:30,NIFTY07OCT25C24850,85.55,83.25,100.22,102.7
2025-09-30 10:16:47.304052+05:30,NIFTY07OCT25P24550,79.7,89.0,67.79,95.65
2025-09-30 10:16:50.279472+05:30,NIFTY07OCT25C24850,85.55,83.4,100.22,102.7
2025-09-30 10:16:50.279472+05:30,NIFTY07OCT25P24550,79.7,89.1,67.79,95.65
2025-09-30 10:16:57.238849+05:30,NIFTY07OCT25C24850,85.55,83.3,100.22,102.7
2025-09-30 10:16:57.238849+05:30,NIFTY07OCT25P24550,79.7,88.65,67.79,95.65
2025-09-30 10:17:00.316785+05:30,NIFTY07OCT25C24850,85.55,83.45,100.22,102.7
2025-09-30 10:17:00.316785+05:30,NIFTY07OCT25P24550,79.7,88.55,67.79,95.65
2025-09-30 10:17:06.864263+05:30,NIFTY07OCT25C24850,85.55,83.2,100.22,102.7
2025-09-30 10:17:06.864263+05:30,NIFTY07OCT25P24550,79.7,88.9,67.79,95.65
2025-09-30 10:17:10.283001+05:30,NIFTY07OCT25C24850,85.55,83.2,100.22,102.7
2025-09-30 10:17:10.283001+05:30,NIFTY07OCT25P24550,79.7,88.8,67.79,95.65
2025-09-30 10:17:17.640765+05:30,NIFTY07OCT25C24850,85.55,82.5,100.22,102.7
2025-09-30 10:17:17.640765+05:30,NIFTY07OCT25P24550,79.7,89.3,67.79,95.65
2025-09-30 10:17:20.465609+05:30,NIFTY07OCT25C24850,85.55,82.4,100.22,102.7
2025-09-30 10:17:20.465609+05:30,NIFTY07OCT25P24550,79.7,90.0,67.79,95.65
2025-09-30 10:17:26.910910+05:30,NIFTY07OCT25C24850,85.55,82.45,100.22,102.7
2025-09-30 10:17:26.910910+05:30,NIFTY07OCT25P24550,79.7,89.8,67.79,95.65
2025-09-30 10:17:30.282765+05:30,NIFTY07OCT25C24850,85.55,82.4,100.22,102.7
2025-09-30 10:17:30.282765+05:30,NIFTY07OCT25P24550,79.7,89.8,67.79,95.65
2025-09-30 10:17:36.962412+05:30,NIFTY07OCT25C24850,85.55,82.0,100.22,102.7
2025-09-30 10:17:36.962412+05:30,NIFTY07OCT25P24550,79.7,90.3,67.79,95.65
2025-09-30 10:17:40.325102+05:30,NIFTY07OCT25C24850,85.55,82.1,100.22,102.7
2025-09-30 10:17:40.325102+05:30,NIFTY07OCT25P24550,79.7,90.6,67.79,95.65
2025-09-30 10:17:47.008157+05:30,NIFTY07OCT25C24850,85.55,82.3,100.22,102.7
2025-09-30 10:17:47.008157+05:30,NIFTY07OCT25P24550,79.7,89.95,67.79,95.65
2025-09-30 10:17:50.780380+05:30,NIFTY07OCT25C24850,85.55,82.7,100.22,102.7
2025-09-30 10:17:50.780380+05:30,NIFTY07OCT25P24550,79.7,89.85,67.79,95.65
2025-09-30 10:17:57.050220+05:30,NIFTY07OCT25C24850,85.55,82.0,100.22,102.7
2025-09-30 10:17:57.050220+05:30,NIFTY07OCT25P24550,79.7,91.05,67.79,95.65
2025-09-30 10:18:00.433757+05:30,NIFTY07OCT25C24850,85.55,82.25,100.22,102.7
2025-09-30 10:18:00.433757+05:30,NIFTY07OCT25P24550,79.7,90.4,67.79,95.65
2025-09-30 10:18:07.139712+05:30,NIFTY07OCT25C24850,85.55,82.4,100.22,102.7
2025-09-30 10:18:07.139712+05:30,NIFTY07OCT25P24550,79.7,90.6,67.79,95.65
2025-09-30 10:18:10.313578+05:30,NIFTY07OCT25C24850,85.55,82.0,100.22,102.7
2025-09-30 10:18:10.313578+05:30,NIFTY07OCT25P24550,79.7,90.0,67.79,95.65
2025-09-30 10:18:17.011008+05:30,NIFTY07OCT25C24850,85.55,81.75,100.22,102.7
2025-09-30 10:18:17.011008+05:30,NIFTY07OCT25P24550,79.7,90.55,67.79,95.65
2025-09-30 10:18:20.383917+05:30,NIFTY07OCT25C24850,85.55,82.3,100.22,102.7
2025-09-30 10:18:20.383917+05:30,NIFTY07OCT25P24550,79.7,90.55,67.79,95.65
2025-09-30 10:18:27.011011+05:30,NIFTY07OCT25C24850,85.55,83.15,100.22,102.7
2025-09-30 10:18:27.011011+05:30,NIFTY07OCT25P24550,79.7,89.25,67.79,95.65
2025-09-30 10:18:30.313817+05:30,NIFTY07OCT25C24850,85.55,83.15,100.22,102.7
2025-09-30 10:18:30.313817+05:30,NIFTY07OCT25P24550,79.7,88.9,67.79,95.65
2025-09-30 10:18:37.088757+05:30,NIFTY07OCT25C24850,85.55,83.0,100.22,102.7
2025-09-30 10:18:37.088757+05:30,NIFTY07OCT25P24550,79.7,89.6,67.79,95.65
2025-09-30 10:18:40.314503+05:30,NIFTY07OCT25C24850,85.55,83.0,100.22,102.7
2025-09-30 10:18:40.314503+05:30,NIFTY07OCT25P24550,79.7,89.6,67.79,95.65
2025-09-30 10:18:46.888847+05:30,NIFTY07OCT25C24850,85.55,85.45,100.22,102.7
2025-09-30 10:18:46.888847+05:30,NIFTY07OCT25P24550,79.7,86.75,67.79,95.65
2025-09-30 10:18:50.318055+05:30,NIFTY07OCT25C24850,85.55,85.0,100.22,102.7
2025-09-30 10:18:50.318055+05:30,NIFTY07OCT25P24550,79.7,87.55,67.79,95.65
2025-09-30 10:18:57.922958+05:30,NIFTY07OCT25C24850,85.55,84.65,100.22,102.7
2025-09-30 10:18:57.922958+05:30,NIFTY07OCT25P24550,79.7,87.6,67.79,95.65
2025-09-30 10:19:00.336243+05:30,NIFTY07OCT25C24850,85.55,85.05,100.22,102.7
2025-09-30 10:19:00.336243+05:30,NIFTY07OCT25P24550,79.7,87.6,67.79,95.65
2025-09-30 10:19:06.972680+05:30,NIFTY07OCT25C24850,85.55,84.25,100.22,102.7
2025-09-30 10:19:06.972680+05:30,NIFTY07OCT25P24550,79.7,88.25,67.79,95.65
2025-09-30 10:19:10.399555+05:30,NIFTY07OCT25C24850,85.55,84.15,100.22,102.7
2025-09-30 10:19:10.399555+05:30,NIFTY07OCT25P24550,79.7,88.3,67.79,95.65
2025-09-30 10:19:17.688849+05:30,NIFTY07OCT25C24850,85.55,84.85,100.22,102.7
2025-09-30 10:19:17.688849+05:30,NIFTY07OCT25P24550,79.7,87.7,67.79,95.65
2025-09-30 10:19:20.324472+05:30,NIFTY07OCT25C24850,85.55,84.7,100.22,102.7
2025-09-30 10:19:20.324472+05:30,NIFTY07OCT25P24550,79.7,88.45,67.79,95.65
2025-09-30 10:19:27.454693+05:30,NIFTY07OCT25C24850,85.55,83.65,100.22,102.7
2025-09-30 10:19:27.454693+05:30,NIFTY07OCT25P24550,79.7,88.85,67.79,95.65
2025-09-30 10:19:30.345257+05:30,NIFTY07OCT25C24850,85.55,83.65,100.22,102.7
2025-09-30 10:19:30.345257+05:30,NIFTY07OCT25P24550,79.7,88.45,67.79,95.65
2025-09-30 10:19:36.873689+05:30,NIFTY07OCT25C24850,85.55,85.2,100.22,102.7
2025-09-30 10:19:36.873689+05:30,NIFTY07OCT25P24550,79.7,88.45,67.79,95.65
2025-09-30 10:19:40.413975+05:30,NIFTY07OCT25C24850,85.55,84.7,100.22,102.7
2025-09-30 10:19:40.413975+05:30,NIFTY07OCT25P24550,79.7,88.4,67.79,95.65
2025-09-30 10:19:46.984455+05:30,NIFTY07OCT25C24850,85.55,84.65,100.22,102.7
2025-09-30 10:19:46.984455+05:30,NIFTY07OCT25P24550,79.7,88.0,67.79,95.65
2025-09-30 10:19:50.709453+05:30,NIFTY07OCT25C24850,85.55,85.0,100.22,102.7
2025-09-30 10:19:50.709453+05:30,NIFTY07OCT25P24550,79.7,87.5,67.79,95.65
2025-09-30 10:19:58.574546+05:30,NIFTY07OCT25C24850,85.55,85.3,100.22,102.7
2025-09-30 10:19:58.574546+05:30,NIFTY07OCT25P24550,79.7,87.0,67.79,95.65
2025-09-30 10:20:10.129504+05:30,NIFTY07OCT25C24850,85.55,85.0,100.22,102.7
2025-09-30 10:20:10.129504+05:30,NIFTY07OCT25P24550,79.7,87.8,67.79,95.65
2025-09-30 10:20:39.172950+05:30,NIFTY07OCT25C24850,85.55,83.2,100.22,102.7
2025-09-30 10:20:39.172950+05:30,NIFTY07OCT25P24550,79.7,90.15,67.79,95.65
2025-09-30 10:20:50.534335+05:30,NIFTY07OCT25C24850,85.55,83.5,100.22,102.7
2025-09-30 10:20:50.534335+05:30,NIFTY07OCT25P24550,79.7,89.75,67.79,95.65
2025-09-30 10:20:59.288414+05:30,NIFTY07OCT25C24850,85.55,83.6,100.22,102.7
2025-09-30 10:20:59.288414+05:30,NIFTY07OCT25P24550,79.7,89.9,67.79,95.65
2025-09-30 10:21:07.458608+05:30,NIFTY07OCT25C24850,85.55,83.3,100.22,102.7
2025-09-30 10:21:07.458608+05:30,NIFTY07OCT25P24550,79.7,89.7,67.79,95.65
2025-09-30 10:21:11.165026+05:30,NIFTY07OCT25C24850,85.55,84.2,100.22,102.7
2025-09-30 10:21:11.165026+05:30,NIFTY07OCT25P24550,79.7,88.2,67.79,95.65
2025-09-30 10:21:21.396895+05:30,NIFTY07OCT25C24850,85.55,84.4,100.22,102.7
2025-09-30 10:21:21.396895+05:30,NIFTY07OCT25P24550,79.7,88.15,67.79,95.65
2025-09-30 10:21:27.478316+05:30,NIFTY07OCT25C24850,85.55,83.95,100.22,102.7
2025-09-30 10:21:27.478316+05:30,NIFTY07OCT25P24550,79.7,88.65,67.79,95.65
2025-09-30 10:21:30.646692+05:30,NIFTY07OCT25C24850,85.55,84.25,100.22,102.7
2025-09-30 10:21:30.646692+05:30,NIFTY07OCT25P24550,79.7,88.9,67.79,95.65
2025-09-30 10:21:38.854536+05:30,NIFTY07OCT25C24850,85.55,83.65,100.22,102.7
2025-09-30 10:21:38.854536+05:30,NIFTY07OCT25P24550,79.7,88.95,67.79,95.65
